﻿<?xml version="1.0" encoding="utf-8"?>
<deployment>
  <id>eeefe422-3a0a-4b6d-abeb-7508603882c8</id>
  <author>N/A</author>
  <deployer>OneDeploy</deployer>
  <authorEmail>N/A</authorEmail>
  <message>OneDeploy</message>
  <progress></progress>
  <status>Success</status>
  <statusText></statusText>
  <lastSuccessEndTime>2026-02-06T18:55:32.710614Z</lastSuccessEndTime>
  <receivedTime>2026-02-06T18:55:11.0586987Z</receivedTime>
  <startTime>2026-02-06T18:55:12.9623024Z</startTime>
  <endTime>2026-02-06T18:55:32.710614Z</endTime>
  <complete>True</complete>
  <is_temp>False</is_temp>
  <is_readonly>True</is_readonly>
  <containerId>04c015b3a7ce</containerId>
  <buildSummary />
</deployment>