﻿<?xml version="1.0" encoding="utf-8"?>
<deployment>
  <id>1f93511d-e9b8-4a78-9480-a082e487c24f</id>
  <author>N/A</author>
  <deployer>OneDeploy</deployer>
  <authorEmail>N/A</authorEmail>
  <message>OneDeploy</message>
  <progress></progress>
  <status>Success</status>
  <statusText></statusText>
  <lastSuccessEndTime>2026-02-06T21:07:08.9623739Z</lastSuccessEndTime>
  <receivedTime>2026-02-06T21:06:54.9921277Z</receivedTime>
  <startTime>2026-02-06T21:06:56.4873922Z</startTime>
  <endTime>2026-02-06T21:07:08.9623739Z</endTime>
  <complete>True</complete>
  <is_temp>False</is_temp>
  <is_readonly>True</is_readonly>
  <containerId>3b41ad45153b</containerId>
  <buildSummary />
</deployment>