﻿<?xml version="1.0" encoding="utf-8"?>
<deployment>
  <id>b0506b31-6886-44a0-b2ff-116abc311d71</id>
  <author>N/A</author>
  <deployer>OneDeploy</deployer>
  <authorEmail>N/A</authorEmail>
  <message>OneDeploy</message>
  <progress></progress>
  <status>Success</status>
  <statusText></statusText>
  <lastSuccessEndTime>2026-02-07T20:35:06.6638256Z</lastSuccessEndTime>
  <receivedTime>2026-02-07T20:34:51.6313865Z</receivedTime>
  <startTime>2026-02-07T20:34:53.3267499Z</startTime>
  <endTime>2026-02-07T20:35:06.6638256Z</endTime>
  <complete>True</complete>
  <is_temp>False</is_temp>
  <is_readonly>True</is_readonly>
  <containerId>116f4233017b</containerId>
  <buildSummary />
</deployment>