﻿<?xml version="1.0" encoding="utf-8"?>
<deployment>
  <id>c7efde16-45dd-4be5-b724-856102760e3c</id>
  <author>N/A</author>
  <deployer>OneDeploy</deployer>
  <authorEmail>N/A</authorEmail>
  <message>OneDeploy</message>
  <progress></progress>
  <status>Success</status>
  <statusText></statusText>
  <lastSuccessEndTime>2026-02-07T20:42:11.1108429Z</lastSuccessEndTime>
  <receivedTime>2026-02-07T20:41:54.2262175Z</receivedTime>
  <startTime>2026-02-07T20:41:55.6799733Z</startTime>
  <endTime>2026-02-07T20:42:11.1108429Z</endTime>
  <complete>True</complete>
  <is_temp>False</is_temp>
  <is_readonly>True</is_readonly>
  <containerId>116f4233017b</containerId>
  <buildSummary />
</deployment>