﻿<?xml version="1.0" encoding="utf-8"?>
<deployment>
  <id>7080a6e8-a6b4-4de4-bddf-406b97a5cbf7</id>
  <author>N/A</author>
  <deployer>OneDeploy</deployer>
  <authorEmail>N/A</authorEmail>
  <message>OneDeploy</message>
  <progress></progress>
  <status>Success</status>
  <statusText></statusText>
  <lastSuccessEndTime>2026-02-07T12:15:49.9411744Z</lastSuccessEndTime>
  <receivedTime>2026-02-07T12:15:35.4032627Z</receivedTime>
  <startTime>2026-02-07T12:15:36.9595215Z</startTime>
  <endTime>2026-02-07T12:15:49.9411744Z</endTime>
  <complete>True</complete>
  <is_temp>False</is_temp>
  <is_readonly>True</is_readonly>
  <containerId>116f4233017b</containerId>
  <buildSummary />
</deployment>