﻿<?xml version="1.0" encoding="utf-8"?>
<deployment>
  <id>2088bd7c-1ab1-4db5-b14c-90e50c797627</id>
  <author>N/A</author>
  <deployer>OneDeploy</deployer>
  <authorEmail>N/A</authorEmail>
  <message>OneDeploy</message>
  <progress></progress>
  <status>Success</status>
  <statusText></statusText>
  <lastSuccessEndTime>2026-02-06T18:34:48.4711302Z</lastSuccessEndTime>
  <receivedTime>2026-02-06T18:34:23.9901272Z</receivedTime>
  <startTime>2026-02-06T18:34:25.8563221Z</startTime>
  <endTime>2026-02-06T18:34:48.4711302Z</endTime>
  <complete>True</complete>
  <is_temp>False</is_temp>
  <is_readonly>True</is_readonly>
  <containerId>ddea5df93a70</containerId>
  <buildSummary />
</deployment>