﻿<?xml version="1.0" encoding="utf-8"?>
<deployment>
  <id>e14a43a1-4917-4e5d-b344-9f1dbc5a0a52</id>
  <author>N/A</author>
  <deployer>OneDeploy</deployer>
  <authorEmail>N/A</authorEmail>
  <message>OneDeploy</message>
  <progress></progress>
  <status>Success</status>
  <statusText></statusText>
  <lastSuccessEndTime>2026-02-09T03:25:29.0249936Z</lastSuccessEndTime>
  <receivedTime>2026-02-09T03:25:00.2929715Z</receivedTime>
  <startTime>2026-02-09T03:25:03.2101283Z</startTime>
  <endTime>2026-02-09T03:25:29.0249936Z</endTime>
  <complete>True</complete>
  <is_temp>False</is_temp>
  <is_readonly>True</is_readonly>
  <containerId>a8aa6110d727</containerId>
  <buildSummary />
</deployment>