<step title="Incoming Request" date="2026-02-07T12:15:21.199" instance="933e87" url="/api/publish?async=true&amp;deployer=GITHUB_ONE_DEPLOY&amp;type=zip&amp;message=%7B%22type%22%3A%22deployment%22%2C%22sha%22%3A%22684aa42f21ba1a31106f3591bf208be038b4ba8a%22%2C%22repoName%22%3A%22noshahi-devs%2Felicom-backend%22%2C%22actor%22%3A%22noshahi-devs%22%2C%22slotName%22%3A%22production%22%2C%22commitMessage%22%3A%22Update%20cart%20flow%20and%20frontend%20services%22%7D" method="POST" type="request" pid="833,1,16" Host="app-elicom-backend.scm.azurewebsites.net" User-Agent="GITHUBACTIONS_DeployWebAppToAzure_7af05ca94fbb881c6e0ec9c7192edbf5c4a1b26b977ef6b66576eccc3c9cad5a" Authorization="Bas..." Content-Type="application/octet-stream" Cookie="ARRAffinity=933e87333ea54ac481b697de0afadc0358210a01202a10cb9c254e6b64d8f71b;Path=/;HttpOnly;Secure;Domain=app-elicom-backend.scm.azurewebsites.net; ARRAffinitySameSite=933e87333ea54ac481b697de0afadc0358210a01202a10cb9c254e6b64d8f71b;Path=/;HttpOnly;SameSite=None;Secure;Domain=app-elicom-backend.scm.azurewebsites.net" Transfer-Encoding="chunked" X-ARR-LOG-ID="fbf09646-95c1-479f-9b63-9ddea9c147d4" CLIENT-IP="104.209.12.64:27648" X-SITE-DEPLOYMENT-ID="app-elicom-backend" WAS-DEFAULT-HOSTNAME="app-elicom-backend.scm.azurewebsites.net" X-Forwarded-Proto="https" X-AppService-Proto="https" X-Forwarded-TlsVersion="1.3" X-WAWS-Unencoded-URL="/api/publish?async=true&amp;deployer=GITHUB_ONE_DEPLOY&amp;type=zip&amp;message=%7B%22type%22%3A%22deployment%22%2C%22sha%22%3A%22684aa42f21ba1a31106f3591bf208be038b4ba8a%22%2C%22repoName%22%3A%22noshahi-devs%2Felicom-backend%22%2C%22actor%22%3A%22noshahi-devs%22%2C%22slotName%22%3A%22production%22%2C%22commitMessage%22%3A%22Update%20cart%20flow%20and%20frontend%20services%22%7D" X-Client-IP="104.209.12.64" X-Client-Port="27648" >
  <step title="Cleanup Xml Logs" date="2026-02-07T12:15:21.231" /><!-- duration: 156ms -->
  <step title="OneDeploy" date="2026-02-07T12:15:21.747" >
    <step title="None repository commit" date="2026-02-07T12:15:21.770" >
      <step title="Commit id: 7080a6e8-a6b4-4de4-bddf-406b97a5cbf7" date="2026-02-07T12:15:21.775" Message="N/A" AuthorName="N/A" AuthorEmail="N/A" /><!-- duration: 3ms -->
    </step><!-- duration: 13ms -->
    <step title="Starting PushDeployAsync" date="2026-02-07T12:15:21.789" /><!-- duration: 3ms -->
    <step title="Writing artifact to /tmp/zipdeploy/b7d60431-6858-446d-8254-3f79e1665517.zip" date="2026-02-07T12:15:22.034" >
      <step title="Writing multipart request body to /tmp/zipdeploy/b7d60431-6858-446d-8254-3f79e1665517.zip" date="2026-02-07T12:15:22.064" /><!-- duration: 10ms -->
    </step><!-- duration: 2651ms -->
    <step title="Start deployment in the background" date="2026-02-07T12:15:24.711" >
      <step title="Acquiring Deployment Lock" date="2026-02-07T12:15:24.783" /><!-- duration: 11ms -->
      <step title="Acquired Deployment Lock" date="2026-02-07T12:15:25.030" /><!-- duration: 12ms -->
    </step><!-- duration: 589ms -->
  </step><!-- duration: 3613ms -->
  <step title="Outgoing response" date="2026-02-07T12:15:25.389" type="response" statusCode="202" statusText="Accepted" /><!-- duration: 20ms -->
</step><!-- duration: 4213ms -->
