<step title="BackgroundTrace" date="2026-02-06T18:55:01.590" instance="933e87" url="/api/publish" method="POST" >
  <step title="Cleanup Xml Logs" date="2026-02-06T18:55:01.609" /><!-- duration: 40ms -->
  <step title="Creating temporary deployment - FetchDeploymentManager" date="2026-02-06T18:55:02.128" /><!-- duration: 21ms -->
  <step title="Creating temporary deployment" date="2026-02-06T18:55:02.179" /><!-- duration: 353ms -->
  <step title="Performing fetch based deployment" date="2026-02-06T18:55:02.874" >
    <step title="Cleaning up temp folders from previous zip deployments and extracting pushed zip file /tmp/zipdeploy/f22cb818-bd6b-48fc-8553-a744f4dca374.zip (24.54 MB) to /tmp/zipdeploy/extracted" date="2026-02-06T18:55:05.305" >
      <step title="ChmodRecursive Process exited with total time taken in ms: 191" date="2026-02-06T18:55:08.440" /><!-- duration: 23ms -->
    </step><!-- duration: 3163ms -->
    <step title="Deployment timer started" date="2026-02-06T18:55:10.505" >
      <step title="DeploymentManager.Deploy(id:eeefe422-3a0a-4b6d-abeb-7508603882c8)" date="2026-02-06T18:55:10.522" >
        <step title="Collecting changeset information" date="2026-02-06T18:55:10.621" /><!-- duration: 585ms -->
        <step title="Updating submodules" date="2026-02-06T18:55:11.247" /><!-- duration: 1424ms -->
        <step title="Determining deployment builder" date="2026-02-06T18:55:13.048" >
          <step title="Builder is OneDeployBuilder" date="2026-02-06T18:55:13.074" /><!-- duration: 3ms -->
        </step><!-- duration: 33ms -->
        <step title="PreDeployment: context.CleanOutputPath False" date="2026-02-06T18:55:13.154" >
          <step title="PreDeployment: context.OutputPath /home/site/wwwroot" date="2026-02-06T18:55:13.294" >
            <step title="Building" date="2026-02-06T18:55:13.492" >
              <step title="Executing external process" date="2026-02-06T18:55:14.558" type="process" path="starter.sh" arguments="/opt/Kudu/Scripts/parallel_rsync.sh /tmp/zipdeploy/extracted /home/site/wwwroot 8 /tmp/ False False  " /><!-- duration: 17232ms -->
              <step title="Modified file to trigger a restart of the app container." date="2026-02-06T18:55:32.273" /><!-- duration: 6ms -->
              <step title="Skip function trigger and logicapp sync because function is not enabled." date="2026-02-06T18:55:32.304" /><!-- duration: 5ms -->
            </step><!-- duration: 19653ms -->
          </step><!-- duration: 19861ms -->
          <step title="Cleaning up temp files" date="2026-02-06T18:55:33.158" /><!-- duration: 5ms -->
          <step title="Cleaning up temp files" date="2026-02-06T18:55:33.179" /><!-- duration: 515ms -->
          <step title="Reloading status file with latest updates" date="2026-02-06T18:55:33.745" >
            <step title="WebHooksManager.PublishEventAsync: PostDeployment" date="2026-02-06T18:55:33.750" /><!-- duration: 192ms -->
          </step><!-- duration: 208ms -->
          <step title="Cleaning up temporary deployment - fetch deployment was successful" date="2026-02-06T18:55:33.959" /><!-- duration: 19ms -->
        </step><!-- duration: 20906ms -->
      </step><!-- duration: 23773ms -->
