<step title="BackgroundTrace" date="2026-02-09T11:23:21.986" instance="933e87" url="/api/publish" method="POST" >
  <step title="Cleanup Xml Logs" date="2026-02-09T11:23:22.087" /><!-- duration: 29ms -->
  <step title="Creating temporary deployment - FetchDeploymentManager" date="2026-02-09T11:23:22.469" /><!-- duration: 10ms -->
  <step title="Creating temporary deployment" date="2026-02-09T11:23:22.489" /><!-- duration: 300ms -->
  <step title="Performing fetch based deployment" date="2026-02-09T11:23:23.081" >
    <step title="Cleaning up temp folders from previous zip deployments and extracting pushed zip file /tmp/zipdeploy/aa537c63-6168-451c-98cf-e3a76a59a4ac.zip (24.54 MB) to /tmp/zipdeploy/extracted" date="2026-02-09T11:23:24.710" >
      <step title="ChmodRecursive Process exited with total time taken in ms: 107" date="2026-02-09T11:23:28.759" /><!-- duration: 19ms -->
    </step><!-- duration: 4080ms -->
    <step title="Deployment timer started" date="2026-02-09T11:23:30.825" >
      <step title="DeploymentManager.Deploy(id:bc496383-22ca-400b-aec6-c80212f4c572)" date="2026-02-09T11:23:30.844" >
        <step title="Collecting changeset information" date="2026-02-09T11:23:30.912" /><!-- duration: 207ms -->
        <step title="Updating submodules" date="2026-02-09T11:23:31.125" /><!-- duration: 1204ms -->
        <step title="Determining deployment builder" date="2026-02-09T11:23:32.795" >
          <step title="Builder is OneDeployBuilder" date="2026-02-09T11:23:32.876" /><!-- duration: 29ms -->
        </step><!-- duration: 151ms -->
        <step title="PreDeployment: context.CleanOutputPath False" date="2026-02-09T11:23:33.117" >
          <step title="PreDeployment: context.OutputPath /home/site/wwwroot" date="2026-02-09T11:23:33.500" >
            <step title="Building" date="2026-02-09T11:23:33.710" >
              <step title="Executing external process" date="2026-02-09T11:23:34.329" type="process" path="starter.sh" arguments="/opt/Kudu/Scripts/parallel_rsync.sh /tmp/zipdeploy/extracted /home/site/wwwroot 8 /tmp/ False False  " /><!-- duration: 7919ms -->
              <step title="Modified file to trigger a restart of the app container." date="2026-02-09T11:23:42.895" /><!-- duration: 22ms -->
              <step title="Skip function trigger and logicapp sync because function is not enabled." date="2026-02-09T11:23:42.943" /><!-- duration: 12ms -->
            </step><!-- duration: 10713ms -->
          </step><!-- duration: 10932ms -->
          <step title="Cleaning up temp files" date="2026-02-09T11:23:44.446" /><!-- duration: 6ms -->
          <step title="Cleaning up temp files" date="2026-02-09T11:23:44.463" /><!-- duration: 513ms -->
          <step title="Reloading status file with latest updates" date="2026-02-09T11:23:45.303" >
            <step title="WebHooksManager.PublishEventAsync: PostDeployment" date="2026-02-09T11:23:45.314" /><!-- duration: 170ms -->
          </step><!-- duration: 185ms -->
          <step title="Cleaning up temporary deployment - fetch deployment was successful" date="2026-02-09T11:23:45.496" /><!-- duration: 3ms -->
        </step><!-- duration: 12450ms -->
      </step><!-- duration: 14756ms -->
