<step title="BackgroundTrace" date="2026-02-07T20:41:46.116" instance="933e87" url="/api/publish" method="POST" >
  <step title="Cleanup Xml Logs" date="2026-02-07T20:41:46.137" /><!-- duration: 42ms -->
  <step title="Creating temporary deployment - FetchDeploymentManager" date="2026-02-07T20:41:46.395" /><!-- duration: 3ms -->
  <step title="Creating temporary deployment" date="2026-02-07T20:41:46.402" /><!-- duration: 134ms -->
  <step title="Performing fetch based deployment" date="2026-02-07T20:41:46.734" >
    <step title="Cleaning up temp folders from previous zip deployments and extracting pushed zip file /tmp/zipdeploy/9a2f5dae-dfe2-43d8-88cf-f4a8e72f200a.zip (24.54 MB) to /tmp/zipdeploy/extracted" date="2026-02-07T20:41:48.048" >
      <step title="ChmodRecursive Process exited with total time taken in ms: 251" date="2026-02-07T20:41:52.034" /><!-- duration: 20ms -->
    </step><!-- duration: 4022ms -->
    <step title="Deployment timer started" date="2026-02-07T20:41:54.098" >
      <step title="DeploymentManager.Deploy(id:c7efde16-45dd-4be5-b724-856102760e3c)" date="2026-02-07T20:41:54.106" >
        <step title="Collecting changeset information" date="2026-02-07T20:41:54.136" /><!-- duration: 207ms -->
        <step title="Updating submodules" date="2026-02-07T20:41:54.350" /><!-- duration: 1136ms -->
        <step title="Determining deployment builder" date="2026-02-07T20:41:55.778" >
          <step title="Builder is OneDeployBuilder" date="2026-02-07T20:41:55.818" /><!-- duration: 11ms -->
        </step><!-- duration: 60ms -->
        <step title="PreDeployment: context.CleanOutputPath False" date="2026-02-07T20:41:55.988" >
          <step title="PreDeployment: context.OutputPath /home/site/wwwroot" date="2026-02-07T20:41:56.205" >
            <step title="Building" date="2026-02-07T20:41:56.372" >
              <step title="Executing external process" date="2026-02-07T20:41:57.017" type="process" path="starter.sh" arguments="/opt/Kudu/Scripts/parallel_rsync.sh /tmp/zipdeploy/extracted /home/site/wwwroot 8 /tmp/ False False  " /><!-- duration: 12213ms -->
              <step title="Modified file to trigger a restart of the app container." date="2026-02-07T20:42:10.450" /><!-- duration: 32ms -->
              <step title="Skip function trigger and logicapp sync because function is not enabled." date="2026-02-07T20:42:10.510" /><!-- duration: 23ms -->
            </step><!-- duration: 15702ms -->
          </step><!-- duration: 15881ms -->
          <step title="Cleaning up temp files" date="2026-02-07T20:42:12.089" /><!-- duration: 14ms -->
          <step title="Cleaning up temp files" date="2026-02-07T20:42:12.116" /><!-- duration: 522ms -->
          <step title="Reloading status file with latest updates" date="2026-02-07T20:42:12.738" >
            <step title="WebHooksManager.PublishEventAsync: PostDeployment" date="2026-02-07T20:42:12.761" /><!-- duration: 141ms -->
          </step><!-- duration: 203ms -->
          <step title="Cleaning up temporary deployment - fetch deployment was successful" date="2026-02-07T20:42:12.993" /><!-- duration: 30ms -->
        </step><!-- duration: 17182ms -->
      </step><!-- duration: 19155ms -->
