<step title="Incoming Request" date="2026-02-06T20:43:00.452" instance="933e87" url="/api/publish?async=true&amp;deployer=GITHUB_ONE_DEPLOY&amp;type=zip&amp;message=%7B%22type%22%3A%22deployment%22%2C%22sha%22%3A%2296688b0c3b21eb5558228544280bd7017d874678%22%2C%22repoName%22%3A%22noshahi-devs%2Felicom-backend%22%2C%22actor%22%3A%22noshahi-devs%22%2C%22slotName%22%3A%22production%22%2C%22commitMessage%22%3A%22Upgrade%20to%209%22%7D" method="POST" type="request" pid="778,1,16" Host="app-elicom-backend.scm.azurewebsites.net" User-Agent="GITHUBACTIONS_DeployWebAppToAzure_7af05ca94fbb881c6e0ec9c7192edbf5c4a1b26b977ef6b66576eccc3c9cad5a" Authorization="Bas..." Content-Type="application/octet-stream" Cookie="ARRAffinity=933e87333ea54ac481b697de0afadc0358210a01202a10cb9c254e6b64d8f71b;Path=/;HttpOnly;Secure;Domain=app-elicom-backend.scm.azurewebsites.net; ARRAffinitySameSite=933e87333ea54ac481b697de0afadc0358210a01202a10cb9c254e6b64d8f71b;Path=/;HttpOnly;SameSite=None;Secure;Domain=app-elicom-backend.scm.azurewebsites.net" Transfer-Encoding="chunked" X-ARR-LOG-ID="24e6fce6-c000-46f8-938e-7f4dd620b838" CLIENT-IP="64.236.160.19:22584" X-SITE-DEPLOYMENT-ID="app-elicom-backend" WAS-DEFAULT-HOSTNAME="app-elicom-backend.scm.azurewebsites.net" X-Forwarded-Proto="https" X-AppService-Proto="https" X-Forwarded-TlsVersion="1.3" X-WAWS-Unencoded-URL="/api/publish?async=true&amp;deployer=GITHUB_ONE_DEPLOY&amp;type=zip&amp;message=%7B%22type%22%3A%22deployment%22%2C%22sha%22%3A%2296688b0c3b21eb5558228544280bd7017d874678%22%2C%22repoName%22%3A%22noshahi-devs%2Felicom-backend%22%2C%22actor%22%3A%22noshahi-devs%22%2C%22slotName%22%3A%22production%22%2C%22commitMessage%22%3A%22Upgrade%20to%209%22%7D" X-Client-IP="64.236.160.19" X-Client-Port="22584" >
  <step title="Cleanup Xml Logs" date="2026-02-06T20:43:00.462" /><!-- duration: 109ms -->
  <step title="OneDeploy" date="2026-02-06T20:43:01.021" >
    <step title="None repository commit" date="2026-02-06T20:43:01.102" >
      <step title="Commit id: 0b5eef5f-d521-4b43-927e-d2251f2fdf42" date="2026-02-06T20:43:01.119" Message="N/A" AuthorName="N/A" AuthorEmail="N/A" /><!-- duration: 32ms -->
    </step><!-- duration: 81ms -->
    <step title="Starting PushDeployAsync" date="2026-02-06T20:43:01.230" /><!-- duration: 19ms -->
    <step title="Writing artifact to /tmp/zipdeploy/440dca7e-2862-4a5c-9365-37daf8fa3aec.zip" date="2026-02-06T20:43:01.412" >
      <step title="Writing multipart request body to /tmp/zipdeploy/440dca7e-2862-4a5c-9365-37daf8fa3aec.zip" date="2026-02-06T20:43:01.502" /><!-- duration: 150ms -->
    </step><!-- duration: 4425ms -->
    <step title="Start deployment in the background" date="2026-02-06T20:43:05.999" >
      <step title="Acquiring Deployment Lock" date="2026-02-06T20:43:06.117" /><!-- duration: 16ms -->
      <step title="Acquired Deployment Lock" date="2026-02-06T20:43:06.273" /><!-- duration: 12ms -->
    </step><!-- duration: 839ms -->
  </step><!-- duration: 5830ms -->
  <step title="Outgoing response" date="2026-02-06T20:43:06.888" type="response" statusCode="202" statusText="Accepted" /><!-- duration: 31ms -->
</step><!-- duration: 6494ms -->
