<step title="BackgroundTrace" date="2026-02-09T03:24:45.040" instance="933e87" url="/api/publish" method="POST" >
  <step title="Cleanup Xml Logs" date="2026-02-09T03:24:45.068" /><!-- duration: 44ms -->
  <step title="Creating temporary deployment - FetchDeploymentManager" date="2026-02-09T03:24:45.370" /><!-- duration: 11ms -->
  <step title="Creating temporary deployment" date="2026-02-09T03:24:45.393" /><!-- duration: 412ms -->
  <step title="Performing fetch based deployment" date="2026-02-09T03:24:46.142" >
    <step title="Cleaning up temp folders from previous zip deployments and extracting pushed zip file /tmp/zipdeploy/3690f29b-8de9-40ad-9c13-6029367a567d.zip (24.54 MB) to /tmp/zipdeploy/extracted" date="2026-02-09T03:24:47.960" >
      <step title="ChmodRecursive Process exited with total time taken in ms: 321" date="2026-02-09T03:24:57.841" /><!-- duration: 60ms -->
    </step><!-- duration: 9982ms -->
    <step title="Deployment timer started" date="2026-02-09T03:25:00.023" >
      <step title="DeploymentManager.Deploy(id:e14a43a1-4917-4e5d-b344-9f1dbc5a0a52)" date="2026-02-09T03:25:00.045" >
        <step title="Collecting changeset information" date="2026-02-09T03:25:00.153" /><!-- duration: 310ms -->
        <step title="Updating submodules" date="2026-02-09T03:25:00.484" /><!-- duration: 1625ms -->
        <step title="Determining deployment builder" date="2026-02-09T03:25:03.459" >
          <step title="Builder is OneDeployBuilder" date="2026-02-09T03:25:03.691" /><!-- duration: 79ms -->
        </step><!-- duration: 361ms -->
        <step title="PreDeployment: context.CleanOutputPath False" date="2026-02-09T03:25:04.191" >
          <step title="PreDeployment: context.OutputPath /home/site/wwwroot" date="2026-02-09T03:25:04.588" >
            <step title="Building" date="2026-02-09T03:25:05.486" >
              <step title="Executing external process" date="2026-02-09T03:25:09.201" type="process" path="starter.sh" arguments="/opt/Kudu/Scripts/parallel_rsync.sh /tmp/zipdeploy/extracted /home/site/wwwroot 8 /tmp/ False False  " /><!-- duration: 17754ms -->
              <step title="Modified file to trigger a restart of the app container." date="2026-02-09T03:25:28.184" /><!-- duration: 48ms -->
              <step title="Skip function trigger and logicapp sync because function is not enabled." date="2026-02-09T03:25:28.282" /><!-- duration: 39ms -->
            </step><!-- duration: 25020ms -->
          </step><!-- duration: 25962ms -->
          <step title="Cleaning up temp files" date="2026-02-09T03:25:30.576" /><!-- duration: 53ms -->
          <step title="Cleaning up temp files" date="2026-02-09T03:25:30.647" /><!-- duration: 541ms -->
          <step title="Reloading status file with latest updates" date="2026-02-09T03:25:31.277" >
            <step title="WebHooksManager.PublishEventAsync: PostDeployment" date="2026-02-09T03:25:31.349" /><!-- duration: 213ms -->
          </step><!-- duration: 307ms -->
          <step title="Cleaning up temporary deployment - fetch deployment was successful" date="2026-02-09T03:25:31.644" /><!-- duration: 57ms -->
        </step><!-- duration: 27700ms -->
      </step><!-- duration: 32128ms -->
