<step title="BackgroundTrace" date="2026-02-06T21:06:46.592" instance="933e87" url="/api/publish" method="POST" >
  <step title="Creating temporary deployment - FetchDeploymentManager" date="2026-02-06T21:06:46.783" /><!-- duration: 3ms -->
  <step title="Creating temporary deployment" date="2026-02-06T21:06:46.792" /><!-- duration: 177ms -->
  <step title="Performing fetch based deployment" date="2026-02-06T21:06:47.051" >
    <step title="Cleaning up temp folders from previous zip deployments and extracting pushed zip file /tmp/zipdeploy/45663991-fabd-4871-ac1b-21257a75b65c.zip (24.54 MB) to /tmp/zipdeploy/extracted" date="2026-02-06T21:06:48.394" >
      <step title="ChmodRecursive Process exited with total time taken in ms: 199" date="2026-02-06T21:06:52.750" /><!-- duration: 28ms -->
    </step><!-- duration: 4396ms -->
    <step title="Deployment timer started" date="2026-02-06T21:06:54.863" >
      <step title="DeploymentManager.Deploy(id:1f93511d-e9b8-4a78-9480-a082e487c24f)" date="2026-02-06T21:06:54.870" >
        <step title="Collecting changeset information" date="2026-02-06T21:06:54.937" /><!-- duration: 146ms -->
        <step title="Updating submodules" date="2026-02-06T21:06:55.095" /><!-- duration: 1188ms -->
        <step title="Determining deployment builder" date="2026-02-06T21:06:56.561" >
          <step title="Builder is OneDeployBuilder" date="2026-02-06T21:06:56.597" /><!-- duration: 11ms -->
        </step><!-- duration: 65ms -->
        <step title="PreDeployment: context.CleanOutputPath False" date="2026-02-06T21:06:56.709" >
          <step title="PreDeployment: context.OutputPath /home/site/wwwroot" date="2026-02-06T21:06:56.859" >
            <step title="Building" date="2026-02-06T21:06:57.041" >
              <step title="Executing external process" date="2026-02-06T21:06:57.574" type="process" path="starter.sh" arguments="/opt/Kudu/Scripts/parallel_rsync.sh /tmp/zipdeploy/extracted /home/site/wwwroot 8 /tmp/ False False  " /><!-- duration: 10269ms -->
              <step title="Modified file to trigger a restart of the app container." date="2026-02-06T21:07:08.451" /><!-- duration: 4ms -->
              <step title="Skip function trigger and logicapp sync because function is not enabled." date="2026-02-06T21:07:08.467" /><!-- duration: 10ms -->
            </step><!-- duration: 12846ms -->
          </step><!-- duration: 13176ms -->
          <step title="Cleaning up temp files" date="2026-02-06T21:07:10.046" /><!-- duration: 93ms -->
          <step title="Cleaning up temp files" date="2026-02-06T21:07:10.150" /><!-- duration: 555ms -->
          <step title="Reloading status file with latest updates" date="2026-02-06T21:07:10.821" >
            <step title="WebHooksManager.PublishEventAsync: PostDeployment" date="2026-02-06T21:07:10.867" /><!-- duration: 893ms -->
          </step><!-- duration: 997ms -->
          <step title="Cleaning up temporary deployment - fetch deployment was successful" date="2026-02-06T21:07:11.840" /><!-- duration: 21ms -->
        </step><!-- duration: 15360ms -->
      </step><!-- duration: 17384ms -->
