<step title="Incoming Request" date="2026-02-09T03:24:40.369" instance="933e87" url="/api/publish?async=true&amp;deployer=GITHUB_ONE_DEPLOY&amp;type=zip&amp;message=%7B%22type%22%3A%22deployment%22%2C%22sha%22%3A%22fd019e16579e633f56c0af2a2e452f5f16bc18f0%22%2C%22repoName%22%3A%22noshahi-devs%2Felicom-backend%22%2C%22actor%22%3A%22noshahi-devs%22%2C%22slotName%22%3A%22production%22%2C%22commitMessage%22%3A%22Update%20Startup.cs%20with%20resilient%20CORS%20handling%20to%20prevent%20null%20reference%20crashes%22%7D" method="POST" type="request" pid="837,1,7" Host="app-elicom-backend.scm.azurewebsites.net" User-Agent="GITHUBACTIONS_DeployWebAppToAzure_7af05ca94fbb881c6e0ec9c7192edbf5c4a1b26b977ef6b66576eccc3c9cad5a" Authorization="Bas..." Content-Type="application/octet-stream" Cookie="ARRAffinity=933e87333ea54ac481b697de0afadc0358210a01202a10cb9c254e6b64d8f71b;Path=/;HttpOnly;Secure;Domain=app-elicom-backend.scm.azurewebsites.net; ARRAffinitySameSite=933e87333ea54ac481b697de0afadc0358210a01202a10cb9c254e6b64d8f71b;Path=/;HttpOnly;SameSite=None;Secure;Domain=app-elicom-backend.scm.azurewebsites.net" Transfer-Encoding="chunked" X-ARR-LOG-ID="ed2a154e-4f75-4865-aa22-b615455a6725" CLIENT-IP="172.208.127.82:7168" X-SITE-DEPLOYMENT-ID="app-elicom-backend" WAS-DEFAULT-HOSTNAME="app-elicom-backend.scm.azurewebsites.net" X-Forwarded-Proto="https" X-AppService-Proto="https" X-Forwarded-TlsVersion="1.3" X-WAWS-Unencoded-URL="/api/publish?async=true&amp;deployer=GITHUB_ONE_DEPLOY&amp;type=zip&amp;message=%7B%22type%22%3A%22deployment%22%2C%22sha%22%3A%22fd019e16579e633f56c0af2a2e452f5f16bc18f0%22%2C%22repoName%22%3A%22noshahi-devs%2Felicom-backend%22%2C%22actor%22%3A%22noshahi-devs%22%2C%22slotName%22%3A%22production%22%2C%22commitMessage%22%3A%22Update%20Startup.cs%20with%20resilient%20CORS%20handling%20to%20prevent%20null%20reference%20crashes%22%7D" X-Client-IP="172.208.127.82" X-Client-Port="7168" >
  <step title="OneDeploy" date="2026-02-09T03:24:41.248" >
    <step title="None repository commit" date="2026-02-09T03:24:41.320" >
      <step title="Commit id: e14a43a1-4917-4e5d-b344-9f1dbc5a0a52" date="2026-02-09T03:24:41.380" Message="N/A" AuthorName="N/A" AuthorEmail="N/A" /><!-- duration: 50ms -->
    </step><!-- duration: 140ms -->
    <step title="Starting PushDeployAsync" date="2026-02-09T03:24:41.480" /><!-- duration: 10ms -->
    <step title="Writing artifact to /tmp/zipdeploy/3690f29b-8de9-40ad-9c13-6029367a567d.zip" date="2026-02-09T03:24:41.599" >
      <step title="Writing multipart request body to /tmp/zipdeploy/3690f29b-8de9-40ad-9c13-6029367a567d.zip" date="2026-02-09T03:24:41.610" /><!-- duration: 28ms -->
    </step><!-- duration: 3291ms -->
    <step title="Start deployment in the background" date="2026-02-09T03:24:45.009" >
      <step title="Acquiring Deployment Lock" date="2026-02-09T03:24:45.181" /><!-- duration: 29ms -->
      <step title="Acquired Deployment Lock" date="2026-02-09T03:24:45.349" /><!-- duration: 11ms -->
    </step><!-- duration: 809ms -->
  </step><!-- duration: 4609ms -->
  <step title="Outgoing response" date="2026-02-09T03:24:45.957" type="response" statusCode="202" statusText="Accepted" /><!-- duration: 26ms -->
</step><!-- duration: 5628ms -->
