<step title="BackgroundTrace" date="2026-02-09T03:09:12.405" instance="933e87" url="/api/publish" method="POST" >
  <step title="Creating temporary deployment - FetchDeploymentManager" date="2026-02-09T03:09:12.491" /><!-- duration: 3ms -->
  <step title="Creating temporary deployment" date="2026-02-09T03:09:12.498" /><!-- duration: 88ms -->
  <step title="Performing fetch based deployment" date="2026-02-09T03:09:12.646" >
    <step title="Cleaning up temp folders from previous zip deployments and extracting pushed zip file /tmp/zipdeploy/8527974d-cef5-4160-9454-05f3d5cf75f9.zip (24.54 MB) to /tmp/zipdeploy/extracted" date="2026-02-09T03:09:14.975" >
      <step title="ChmodRecursive Process exited with total time taken in ms: 655" date="2026-02-09T03:09:20.419" /><!-- duration: 29ms -->
    </step><!-- duration: 5497ms -->
    <step title="Deployment timer started" date="2026-02-09T03:09:22.533" >
      <step title="DeploymentManager.Deploy(id:4f12f41f-68d3-423f-8d94-d3b89b3201fd)" date="2026-02-09T03:09:22.573" >
        <step title="Collecting changeset information" date="2026-02-09T03:09:22.650" /><!-- duration: 153ms -->
        <step title="Updating submodules" date="2026-02-09T03:09:22.823" /><!-- duration: 1294ms -->
        <step title="Determining deployment builder" date="2026-02-09T03:09:24.761" >
          <step title="Builder is OneDeployBuilder" date="2026-02-09T03:09:24.873" /><!-- duration: 10ms -->
        </step><!-- duration: 161ms -->
        <step title="PreDeployment: context.CleanOutputPath False" date="2026-02-09T03:09:25.153" >
          <step title="PreDeployment: context.OutputPath /home/site/wwwroot" date="2026-02-09T03:09:25.481" >
            <step title="Building" date="2026-02-09T03:09:25.719" >
              <step title="Executing external process" date="2026-02-09T03:09:27.288" type="process" path="starter.sh" arguments="/opt/Kudu/Scripts/parallel_rsync.sh /tmp/zipdeploy/extracted /home/site/wwwroot 8 /tmp/ False False  " /><!-- duration: 14708ms -->
              <step title="Modified file to trigger a restart of the app container." date="2026-02-09T03:09:43.178" /><!-- duration: 10ms -->
              <step title="Skip function trigger and logicapp sync because function is not enabled." date="2026-02-09T03:09:43.227" /><!-- duration: 41ms -->
            </step><!-- duration: 20584ms -->
          </step><!-- duration: 20914ms -->
          <step title="Cleaning up temp files" date="2026-02-09T03:09:46.411" /><!-- duration: 22ms -->
          <step title="Cleaning up temp files" date="2026-02-09T03:09:46.455" /><!-- duration: 573ms -->
          <step title="Reloading status file with latest updates" date="2026-02-09T03:09:47.332" >
            <step title="WebHooksManager.PublishEventAsync: PostDeployment" date="2026-02-09T03:09:47.439" /><!-- duration: 551ms -->
          </step><!-- duration: 670ms -->
          <step title="Cleaning up temporary deployment - fetch deployment was successful" date="2026-02-09T03:09:48.027" /><!-- duration: 11ms -->
        </step><!-- duration: 23027ms -->
      </step><!-- duration: 25720ms -->
