<step title="Incoming Request" date="2026-02-06T21:06:44.820" instance="933e87" url="/api/publish?async=true&amp;deployer=GITHUB_ONE_DEPLOY&amp;type=zip&amp;message=%7B%22type%22%3A%22deployment%22%2C%22sha%22%3A%228e4c777c7b379f81c1b70cc9575b827fb6a8ac22%22%2C%22repoName%22%3A%22noshahi-devs%2Felicom-backend%22%2C%22actor%22%3A%22noshahi-devs%22%2C%22slotName%22%3A%22production%22%2C%22commitMessage%22%3A%22Update%20appsettings%20configuration%22%7D" method="POST" type="request" pid="778,1,5" Host="app-elicom-backend.scm.azurewebsites.net" User-Agent="GITHUBACTIONS_DeployWebAppToAzure_7af05ca94fbb881c6e0ec9c7192edbf5c4a1b26b977ef6b66576eccc3c9cad5a" Authorization="Bas..." Content-Type="application/octet-stream" Cookie="ARRAffinity=933e87333ea54ac481b697de0afadc0358210a01202a10cb9c254e6b64d8f71b;Path=/;HttpOnly;Secure;Domain=app-elicom-backend.scm.azurewebsites.net; ARRAffinitySameSite=933e87333ea54ac481b697de0afadc0358210a01202a10cb9c254e6b64d8f71b;Path=/;HttpOnly;SameSite=None;Secure;Domain=app-elicom-backend.scm.azurewebsites.net" Transfer-Encoding="chunked" X-ARR-LOG-ID="b47d3573-18bc-459d-8f88-933c0c868d92" CLIENT-IP="40.76.119.208:17344" X-SITE-DEPLOYMENT-ID="app-elicom-backend" WAS-DEFAULT-HOSTNAME="app-elicom-backend.scm.azurewebsites.net" X-Forwarded-Proto="https" X-AppService-Proto="https" X-Forwarded-TlsVersion="1.3" X-WAWS-Unencoded-URL="/api/publish?async=true&amp;deployer=GITHUB_ONE_DEPLOY&amp;type=zip&amp;message=%7B%22type%22%3A%22deployment%22%2C%22sha%22%3A%228e4c777c7b379f81c1b70cc9575b827fb6a8ac22%22%2C%22repoName%22%3A%22noshahi-devs%2Felicom-backend%22%2C%22actor%22%3A%22noshahi-devs%22%2C%22slotName%22%3A%22production%22%2C%22commitMessage%22%3A%22Update%20appsettings%20configuration%22%7D" X-Client-IP="40.76.119.208" X-Client-Port="17344" >
  <step title="Cleanup Xml Logs" date="2026-02-06T21:06:44.863" /><!-- duration: 10ms -->
  <step title="OneDeploy" date="2026-02-06T21:06:45.003" >
    <step title="None repository commit" date="2026-02-06T21:06:45.021" >
      <step title="Commit id: 1f93511d-e9b8-4a78-9480-a082e487c24f" date="2026-02-06T21:06:45.025" Message="N/A" AuthorName="N/A" AuthorEmail="N/A" /><!-- duration: 3ms -->
    </step><!-- duration: 12ms -->
    <step title="Starting PushDeployAsync" date="2026-02-06T21:06:45.044" /><!-- duration: 38ms -->
    <step title="Writing artifact to /tmp/zipdeploy/45663991-fabd-4871-ac1b-21257a75b65c.zip" date="2026-02-06T21:06:45.137" >
      <step title="Writing multipart request body to /tmp/zipdeploy/45663991-fabd-4871-ac1b-21257a75b65c.zip" date="2026-02-06T21:06:45.145" /><!-- duration: 8ms -->
    </step><!-- duration: 1429ms -->
    <step title="Start deployment in the background" date="2026-02-06T21:06:46.587" >
      <step title="Acquiring Deployment Lock" date="2026-02-06T21:06:46.629" /><!-- duration: 18ms -->
      <step title="Acquired Deployment Lock" date="2026-02-06T21:06:46.776" /><!-- duration: 4ms -->
    </step><!-- duration: 389ms -->
  </step><!-- duration: 1988ms -->
  <step title="Outgoing response" date="2026-02-06T21:06:47.011" type="response" statusCode="202" statusText="Accepted" /><!-- duration: 4ms -->
</step><!-- duration: 2197ms -->
