﻿<?xml version="1.0" encoding="utf-8"?>
<deployment>
  <id>0b5eef5f-d521-4b43-927e-d2251f2fdf42</id>
  <author>N/A</author>
  <deployer>OneDeploy</deployer>
  <authorEmail>N/A</authorEmail>
  <message>OneDeploy</message>
  <progress></progress>
  <status>Success</status>
  <statusText></statusText>
  <lastSuccessEndTime>2026-02-06T20:43:36.3660647Z</lastSuccessEndTime>
  <receivedTime>2026-02-06T20:43:14.0907098Z</receivedTime>
  <startTime>2026-02-06T20:43:15.6443963Z</startTime>
  <endTime>2026-02-06T20:43:36.3660647Z</endTime>
  <complete>True</complete>
  <is_temp>False</is_temp>
  <is_readonly>True</is_readonly>
  <containerId>b789d92d0287</containerId>
  <buildSummary />
</deployment>