﻿<?xml version="1.0" encoding="utf-8"?>
<deployment>
  <id>4f12f41f-68d3-423f-8d94-d3b89b3201fd</id>
  <author>N/A</author>
  <deployer>OneDeploy</deployer>
  <authorEmail>N/A</authorEmail>
  <message>OneDeploy</message>
  <progress></progress>
  <status>Success</status>
  <statusText></statusText>
  <lastSuccessEndTime>2026-02-09T03:09:43.9610646Z</lastSuccessEndTime>
  <receivedTime>2026-02-09T03:09:22.702547Z</receivedTime>
  <startTime>2026-02-09T03:09:24.5616236Z</startTime>
  <endTime>2026-02-09T03:09:43.9610646Z</endTime>
  <complete>True</complete>
  <is_temp>False</is_temp>
  <is_readonly>True</is_readonly>
  <containerId>a650703091f7</containerId>
  <buildSummary />
</deployment>