﻿<?xml version="1.0" encoding="utf-8"?>
<deployment>
  <id>e366fe27-0a7f-4d05-813b-0b6760a8d20e</id>
  <author>N/A</author>
  <deployer>OneDeploy</deployer>
  <authorEmail>N/A</authorEmail>
  <message>OneDeploy</message>
  <progress></progress>
  <status>Success</status>
  <statusText></statusText>
  <lastSuccessEndTime>2026-02-09T11:42:27.7955888Z</lastSuccessEndTime>
  <receivedTime>2026-02-09T11:42:03.478013Z</receivedTime>
  <startTime>2026-02-09T11:42:06.5195914Z</startTime>
  <endTime>2026-02-09T11:42:27.7955888Z</endTime>
  <complete>True</complete>
  <is_temp>False</is_temp>
  <is_readonly>True</is_readonly>
  <containerId>c8c83c4168a2</containerId>
  <buildSummary />
</deployment>