<step title="Incoming Request" date="2026-02-06T18:34:08.618" instance="933e87" url="/api/publish?async=true&amp;deployer=GITHUB_ONE_DEPLOY&amp;type=zip&amp;message=%7B%22type%22%3A%22deployment%22%2C%22sha%22%3A%22673c27dd7b26307a7db17040a55ae9876885f81f%22%2C%22repoName%22%3A%22noshahi-devs%2Felicom-backend%22%2C%22actor%22%3A%22noshahi-devs%22%2C%22slotName%22%3A%22production%22%2C%22commitMessage%22%3A%22New%20Change%20to%20Deploy%22%7D" method="POST" type="request" pid="833,1,25" Host="app-elicom-backend.scm.azurewebsites.net" User-Agent="GITHUBACTIONS_DeployWebAppToAzure_7af05ca94fbb881c6e0ec9c7192edbf5c4a1b26b977ef6b66576eccc3c9cad5a" Authorization="Bas..." Content-Type="application/octet-stream" Cookie="ARRAffinity=933e87333ea54ac481b697de0afadc0358210a01202a10cb9c254e6b64d8f71b;Path=/;HttpOnly;Secure;Domain=app-elicom-backend.scm.azurewebsites.net; ARRAffinitySameSite=933e87333ea54ac481b697de0afadc0358210a01202a10cb9c254e6b64d8f71b;Path=/;HttpOnly;SameSite=None;Secure;Domain=app-elicom-backend.scm.azurewebsites.net" Transfer-Encoding="chunked" X-ARR-LOG-ID="b61a4ba2-3a4a-441e-ba77-7980cd76375c" CLIENT-IP="52.190.140.99:10280" X-SITE-DEPLOYMENT-ID="app-elicom-backend" WAS-DEFAULT-HOSTNAME="app-elicom-backend.scm.azurewebsites.net" X-Forwarded-Proto="https" X-AppService-Proto="https" X-Forwarded-TlsVersion="1.3" X-WAWS-Unencoded-URL="/api/publish?async=true&amp;deployer=GITHUB_ONE_DEPLOY&amp;type=zip&amp;message=%7B%22type%22%3A%22deployment%22%2C%22sha%22%3A%22673c27dd7b26307a7db17040a55ae9876885f81f%22%2C%22repoName%22%3A%22noshahi-devs%2Felicom-backend%22%2C%22actor%22%3A%22noshahi-devs%22%2C%22slotName%22%3A%22production%22%2C%22commitMessage%22%3A%22New%20Change%20to%20Deploy%22%7D" X-Client-IP="52.190.140.99" X-Client-Port="10280" >
  <step title="OneDeploy" date="2026-02-06T18:34:09.573" >
    <step title="None repository commit" date="2026-02-06T18:34:09.653" >
      <step title="Commit id: 2088bd7c-1ab1-4db5-b14c-90e50c797627" date="2026-02-06T18:34:09.700" Message="N/A" AuthorName="N/A" AuthorEmail="N/A" /><!-- duration: 42ms -->
    </step><!-- duration: 100ms -->
    <step title="Starting PushDeployAsync" date="2026-02-06T18:34:09.783" /><!-- duration: 12ms -->
    <step title="Writing artifact to /tmp/zipdeploy/3002fcdf-e12a-4b3f-8db4-f03e0ce74aff.zip" date="2026-02-06T18:34:09.861" >
      <step title="Writing multipart request body to /tmp/zipdeploy/3002fcdf-e12a-4b3f-8db4-f03e0ce74aff.zip" date="2026-02-06T18:34:09.882" /><!-- duration: 17ms -->
    </step><!-- duration: 4205ms -->
    <step title="Start deployment in the background" date="2026-02-06T18:34:14.132" >
      <step title="Acquiring Deployment Lock" date="2026-02-06T18:34:14.166" /><!-- duration: 10ms -->
      <step title="Acquired Deployment Lock" date="2026-02-06T18:34:14.240" /><!-- duration: 36ms -->
    </step><!-- duration: 350ms -->
  </step><!-- duration: 4924ms -->
  <step title="Outgoing response" date="2026-02-06T18:34:14.510" type="response" statusCode="202" statusText="Accepted" /><!-- duration: 4ms -->
</step><!-- duration: 5899ms -->
