<step title="BackgroundTrace" date="2026-02-07T20:34:43.696" instance="933e87" url="/api/publish" method="POST" >
  <step title="Cleanup Xml Logs" date="2026-02-07T20:34:43.724" /><!-- duration: 37ms -->
  <step title="Creating temporary deployment - FetchDeploymentManager" date="2026-02-07T20:34:44.051" /><!-- duration: 21ms -->
  <step title="Creating temporary deployment" date="2026-02-07T20:34:44.101" /><!-- duration: 281ms -->
  <step title="Performing fetch based deployment" date="2026-02-07T20:34:44.597" >
    <step title="Cleaning up temp folders from previous zip deployments and extracting pushed zip file /tmp/zipdeploy/d680115b-8bbc-4801-b3d1-8880112f1a59.zip (24.54 MB) to /tmp/zipdeploy/extracted" date="2026-02-07T20:34:45.986" >
      <step title="ChmodRecursive Process exited with total time taken in ms: 80" date="2026-02-07T20:34:49.400" /><!-- duration: 10ms -->
    </step><!-- duration: 3441ms -->
    <step title="Deployment timer started" date="2026-02-07T20:34:51.443" >
      <step title="DeploymentManager.Deploy(id:b0506b31-6886-44a0-b2ff-116abc311d71)" date="2026-02-07T20:34:51.452" >
        <step title="Collecting changeset information" date="2026-02-07T20:34:51.530" /><!-- duration: 195ms -->
        <step title="Updating submodules" date="2026-02-07T20:34:51.753" /><!-- duration: 1261ms -->
        <step title="Determining deployment builder" date="2026-02-07T20:34:53.454" >
          <step title="Builder is OneDeployBuilder" date="2026-02-07T20:34:53.520" /><!-- duration: 4ms -->
        </step><!-- duration: 100ms -->
        <step title="PreDeployment: context.CleanOutputPath False" date="2026-02-07T20:34:53.666" >
          <step title="PreDeployment: context.OutputPath /home/site/wwwroot" date="2026-02-07T20:34:53.827" >
            <step title="Building" date="2026-02-07T20:34:54.052" >
              <step title="Executing external process" date="2026-02-07T20:34:54.765" type="process" path="starter.sh" arguments="/opt/Kudu/Scripts/parallel_rsync.sh /tmp/zipdeploy/extracted /home/site/wwwroot 8 /tmp/ False False  " /><!-- duration: 9860ms -->
              <step title="Modified file to trigger a restart of the app container." date="2026-02-07T20:35:05.269" /><!-- duration: 7ms -->
              <step title="Skip function trigger and logicapp sync because function is not enabled." date="2026-02-07T20:35:05.295" /><!-- duration: 28ms -->
            </step><!-- duration: 13327ms -->
          </step><!-- duration: 13578ms -->
          <step title="Cleaning up temp files" date="2026-02-07T20:35:07.408" /><!-- duration: 7ms -->
          <step title="Cleaning up temp files" date="2026-02-07T20:35:07.426" /><!-- duration: 529ms -->
          <step title="Reloading status file with latest updates" date="2026-02-07T20:35:08.014" >
            <step title="WebHooksManager.PublishEventAsync: PostDeployment" date="2026-02-07T20:35:08.021" /><!-- duration: 69ms -->
          </step><!-- duration: 80ms -->
          <step title="Cleaning up temporary deployment - fetch deployment was successful" date="2026-02-07T20:35:08.102" /><!-- duration: 3ms -->
        </step><!-- duration: 14561ms -->
      </step><!-- duration: 16791ms -->
