<step title="Incoming Request" date="2026-02-06T18:54:58.582" instance="933e87" url="/api/publish?async=true&amp;deployer=GITHUB_ONE_DEPLOY&amp;type=zip&amp;message=%7B%22type%22%3A%22deployment%22%2C%22sha%22%3A%2296688b0c3b21eb5558228544280bd7017d874678%22%2C%22repoName%22%3A%22noshahi-devs%2Felicom-backend%22%2C%22actor%22%3A%22noshahi-devs%22%2C%22slotName%22%3A%22production%22%2C%22commitMessage%22%3A%22Upgrade%20to%209%22%7D" method="POST" type="request" pid="772,1,16" Host="app-elicom-backend.scm.azurewebsites.net" User-Agent="GITHUBACTIONS_DeployWebAppToAzure_7af05ca94fbb881c6e0ec9c7192edbf5c4a1b26b977ef6b66576eccc3c9cad5a" Authorization="Bas..." Content-Type="application/octet-stream" Cookie="ARRAffinity=933e87333ea54ac481b697de0afadc0358210a01202a10cb9c254e6b64d8f71b;Path=/;HttpOnly;Secure;Domain=app-elicom-backend.scm.azurewebsites.net; ARRAffinitySameSite=933e87333ea54ac481b697de0afadc0358210a01202a10cb9c254e6b64d8f71b;Path=/;HttpOnly;SameSite=None;Secure;Domain=app-elicom-backend.scm.azurewebsites.net" Transfer-Encoding="chunked" X-ARR-LOG-ID="cb63d3ee-7c80-423e-9017-dd84b04d5275" CLIENT-IP="64.236.200.226:3088" X-SITE-DEPLOYMENT-ID="app-elicom-backend" WAS-DEFAULT-HOSTNAME="app-elicom-backend.scm.azurewebsites.net" X-Forwarded-Proto="https" X-AppService-Proto="https" X-Forwarded-TlsVersion="1.3" X-WAWS-Unencoded-URL="/api/publish?async=true&amp;deployer=GITHUB_ONE_DEPLOY&amp;type=zip&amp;message=%7B%22type%22%3A%22deployment%22%2C%22sha%22%3A%2296688b0c3b21eb5558228544280bd7017d874678%22%2C%22repoName%22%3A%22noshahi-devs%2Felicom-backend%22%2C%22actor%22%3A%22noshahi-devs%22%2C%22slotName%22%3A%22production%22%2C%22commitMessage%22%3A%22Upgrade%20to%209%22%7D" X-Client-IP="64.236.200.226" X-Client-Port="3088" >
  <step title="Cleanup Xml Logs" date="2026-02-06T18:54:58.592" /><!-- duration: 58ms -->
  <step title="OneDeploy" date="2026-02-06T18:54:58.801" >
    <step title="None repository commit" date="2026-02-06T18:54:58.818" >
      <step title="Commit id: eeefe422-3a0a-4b6d-abeb-7508603882c8" date="2026-02-06T18:54:58.822" Message="N/A" AuthorName="N/A" AuthorEmail="N/A" /><!-- duration: 3ms -->
    </step><!-- duration: 11ms -->
    <step title="Starting PushDeployAsync" date="2026-02-06T18:54:58.832" /><!-- duration: 12ms -->
    <step title="Writing artifact to /tmp/zipdeploy/f22cb818-bd6b-48fc-8553-a744f4dca374.zip" date="2026-02-06T18:54:58.943" >
      <step title="Writing multipart request body to /tmp/zipdeploy/f22cb818-bd6b-48fc-8553-a744f4dca374.zip" date="2026-02-06T18:54:58.969" /><!-- duration: 12ms -->
    </step><!-- duration: 2569ms -->
    <step title="Start deployment in the background" date="2026-02-06T18:55:01.561" >
      <step title="Acquiring Deployment Lock" date="2026-02-06T18:55:01.689" /><!-- duration: 144ms -->
      <step title="Acquired Deployment Lock" date="2026-02-06T18:55:02.067" /><!-- duration: 12ms -->
    </step><!-- duration: 1040ms -->
  </step><!-- duration: 3898ms -->
  <step title="Outgoing response" date="2026-02-06T18:55:02.772" type="response" statusCode="202" statusText="Accepted" /><!-- duration: 25ms -->
</step><!-- duration: 4224ms -->
