<step title="BackgroundTrace" date="2026-02-07T12:15:24.722" instance="933e87" url="/api/publish" method="POST" >
  <step title="Cleanup Xml Logs" date="2026-02-07T12:15:24.734" /><!-- duration: 30ms -->
  <step title="Creating temporary deployment - FetchDeploymentManager" date="2026-02-07T12:15:25.047" /><!-- duration: 3ms -->
  <step title="Creating temporary deployment" date="2026-02-07T12:15:25.055" /><!-- duration: 226ms -->
  <step title="Performing fetch based deployment" date="2026-02-07T12:15:25.464" >
    <step title="Cleaning up temp folders from previous zip deployments and extracting pushed zip file /tmp/zipdeploy/b7d60431-6858-446d-8254-3f79e1665517.zip (24.54 MB) to /tmp/zipdeploy/extracted" date="2026-02-07T12:15:27.208" >
      <step title="ChmodRecursive Process exited with total time taken in ms: 200" date="2026-02-07T12:15:33.049" /><!-- duration: 17ms -->
    </step><!-- duration: 5892ms -->
    <step title="Deployment timer started" date="2026-02-07T12:15:35.180" >
      <step title="DeploymentManager.Deploy(id:7080a6e8-a6b4-4de4-bddf-406b97a5cbf7)" date="2026-02-07T12:15:35.211" >
        <step title="Collecting changeset information" date="2026-02-07T12:15:35.302" /><!-- duration: 198ms -->
        <step title="Updating submodules" date="2026-02-07T12:15:35.505" /><!-- duration: 1157ms -->
        <step title="Determining deployment builder" date="2026-02-07T12:15:37.069" >
          <step title="Builder is OneDeployBuilder" date="2026-02-07T12:15:37.119" /><!-- duration: 27ms -->
        </step><!-- duration: 111ms -->
        <step title="PreDeployment: context.CleanOutputPath False" date="2026-02-07T12:15:37.290" >
          <step title="PreDeployment: context.OutputPath /home/site/wwwroot" date="2026-02-07T12:15:37.480" >
            <step title="Building" date="2026-02-07T12:15:37.693" >
              <step title="Executing external process" date="2026-02-07T12:15:38.695" type="process" path="starter.sh" arguments="/opt/Kudu/Scripts/parallel_rsync.sh /tmp/zipdeploy/extracted /home/site/wwwroot 8 /tmp/ False False  " /><!-- duration: 10296ms -->
              <step title="Modified file to trigger a restart of the app container." date="2026-02-07T12:15:49.549" /><!-- duration: 6ms -->
              <step title="Skip function trigger and logicapp sync because function is not enabled." date="2026-02-07T12:15:49.562" /><!-- duration: 11ms -->
            </step><!-- duration: 13304ms -->
          </step><!-- duration: 13531ms -->
          <step title="Cleaning up temp files" date="2026-02-07T12:15:51.017" /><!-- duration: 26ms -->
          <step title="Cleaning up temp files" date="2026-02-07T12:15:51.060" /><!-- duration: 511ms -->
          <step title="Reloading status file with latest updates" date="2026-02-07T12:15:51.614" >
            <step title="WebHooksManager.PublishEventAsync: PostDeployment" date="2026-02-07T12:15:51.642" /><!-- duration: 221ms -->
          </step><!-- duration: 270ms -->
          <step title="Cleaning up temporary deployment - fetch deployment was successful" date="2026-02-07T12:15:51.914" /><!-- duration: 22ms -->
        </step><!-- duration: 14789ms -->
      </step><!-- duration: 16944ms -->
