<step title="Incoming Request" date="2026-02-07T20:41:41.773" instance="933e87" url="/api/publish?async=true&amp;deployer=GITHUB_ONE_DEPLOY&amp;type=zip&amp;message=%7B%22type%22%3A%22deployment%22%2C%22sha%22%3A%2261f188941f1d93b2b6f225f26cf213b3677428c9%22%2C%22repoName%22%3A%22noshahi-devs%2Felicom-backend%22%2C%22actor%22%3A%22noshahi-devs%22%2C%22slotName%22%3A%22production%22%2C%22commitMessage%22%3A%22fix%20CORS%20open%22%7D" method="POST" type="request" pid="833,1,20" Host="app-elicom-backend.scm.azurewebsites.net" User-Agent="GITHUBACTIONS_DeployWebAppToAzure_7af05ca94fbb881c6e0ec9c7192edbf5c4a1b26b977ef6b66576eccc3c9cad5a" Authorization="Bas..." Content-Type="application/octet-stream" Cookie="ARRAffinity=933e87333ea54ac481b697de0afadc0358210a01202a10cb9c254e6b64d8f71b;Path=/;HttpOnly;Secure;Domain=app-elicom-backend.scm.azurewebsites.net; ARRAffinitySameSite=933e87333ea54ac481b697de0afadc0358210a01202a10cb9c254e6b64d8f71b;Path=/;HttpOnly;SameSite=None;Secure;Domain=app-elicom-backend.scm.azurewebsites.net" Transfer-Encoding="chunked" X-ARR-LOG-ID="8b62946e-4887-43c8-9e05-718e5886fe2f" CLIENT-IP="48.211.213.34:15376" X-SITE-DEPLOYMENT-ID="app-elicom-backend" WAS-DEFAULT-HOSTNAME="app-elicom-backend.scm.azurewebsites.net" X-Forwarded-Proto="https" X-AppService-Proto="https" X-Forwarded-TlsVersion="1.3" X-WAWS-Unencoded-URL="/api/publish?async=true&amp;deployer=GITHUB_ONE_DEPLOY&amp;type=zip&amp;message=%7B%22type%22%3A%22deployment%22%2C%22sha%22%3A%2261f188941f1d93b2b6f225f26cf213b3677428c9%22%2C%22repoName%22%3A%22noshahi-devs%2Felicom-backend%22%2C%22actor%22%3A%22noshahi-devs%22%2C%22slotName%22%3A%22production%22%2C%22commitMessage%22%3A%22fix%20CORS%20open%22%7D" X-Client-IP="48.211.213.34" X-Client-Port="15376" >
  <step title="OneDeploy" date="2026-02-07T20:41:42.071" >
    <step title="Starting PushDeployAsync" date="2026-02-07T20:41:42.123" /><!-- duration: 50ms -->
    <step title="Writing artifact to /tmp/zipdeploy/9a2f5dae-dfe2-43d8-88cf-f4a8e72f200a.zip" date="2026-02-07T20:41:42.213" >
      <step title="Writing multipart request body to /tmp/zipdeploy/9a2f5dae-dfe2-43d8-88cf-f4a8e72f200a.zip" date="2026-02-07T20:41:42.231" /><!-- duration: 11ms -->
    </step><!-- duration: 3771ms -->
    <step title="Start deployment in the background" date="2026-02-07T20:41:46.076" >
      <step title="Acquiring Deployment Lock" date="2026-02-07T20:41:46.237" /><!-- duration: 28ms -->
      <step title="Acquired Deployment Lock" date="2026-02-07T20:41:46.389" /><!-- duration: 3ms -->
    </step><!-- duration: 488ms -->
  </step><!-- duration: 4535ms -->
  <step title="Outgoing response" date="2026-02-07T20:41:46.657" type="response" statusCode="202" statusText="Accepted" /><!-- duration: 10ms -->
</step><!-- duration: 4912ms -->
