<step title="Incoming Request" date="2026-02-09T11:41:53.450" instance="933e87" url="/api/publish?async=true&amp;deployer=GITHUB_ONE_DEPLOY&amp;type=zip&amp;message=%7B%22type%22%3A%22deployment%22%2C%22sha%22%3A%223a5a74035ed821b3c0236ae0b1f55b2eba94457d%22%2C%22repoName%22%3A%22noshahi-devs%2Felicom-backend%22%2C%22actor%22%3A%22noshahi-devs%22%2C%22slotName%22%3A%22production%22%2C%22commitMessage%22%3A%22Add%20comprehensive%20SMTP%20logging%20to%20diagnose%20production%20email%20delivery%20failures%22%7D" method="POST" type="request" pid="836,1,30" Host="app-elicom-backend.scm.azurewebsites.net" User-Agent="GITHUBACTIONS_DeployWebAppToAzure_7af05ca94fbb881c6e0ec9c7192edbf5c4a1b26b977ef6b66576eccc3c9cad5a" Authorization="Bas..." Content-Type="application/octet-stream" Cookie="ARRAffinity=933e87333ea54ac481b697de0afadc0358210a01202a10cb9c254e6b64d8f71b;Path=/;HttpOnly;Secure;Domain=app-elicom-backend.scm.azurewebsites.net; ARRAffinitySameSite=933e87333ea54ac481b697de0afadc0358210a01202a10cb9c254e6b64d8f71b;Path=/;HttpOnly;SameSite=None;Secure;Domain=app-elicom-backend.scm.azurewebsites.net" Transfer-Encoding="chunked" X-ARR-LOG-ID="ebfb8741-4940-41ab-bc1d-5b0139dad2ba" CLIENT-IP="172.171.254.151:38912" X-SITE-DEPLOYMENT-ID="app-elicom-backend" WAS-DEFAULT-HOSTNAME="app-elicom-backend.scm.azurewebsites.net" X-Forwarded-Proto="https" X-AppService-Proto="https" X-Forwarded-TlsVersion="1.3" X-WAWS-Unencoded-URL="/api/publish?async=true&amp;deployer=GITHUB_ONE_DEPLOY&amp;type=zip&amp;message=%7B%22type%22%3A%22deployment%22%2C%22sha%22%3A%223a5a74035ed821b3c0236ae0b1f55b2eba94457d%22%2C%22repoName%22%3A%22noshahi-devs%2Felicom-backend%22%2C%22actor%22%3A%22noshahi-devs%22%2C%22slotName%22%3A%22production%22%2C%22commitMessage%22%3A%22Add%20comprehensive%20SMTP%20logging%20to%20diagnose%20production%20email%20delivery%20failures%22%7D" X-Client-IP="172.171.254.151" X-Client-Port="38912" >
  <step title="OneDeploy" date="2026-02-09T11:41:53.571" >
    <step title="Starting PushDeployAsync" date="2026-02-09T11:41:53.595" /><!-- duration: 4ms -->
    <step title="Writing artifact to /tmp/zipdeploy/db1658b8-4f04-433d-b295-de54d9f3090a.zip" date="2026-02-09T11:41:53.609" >
      <step title="Writing multipart request body to /tmp/zipdeploy/db1658b8-4f04-433d-b295-de54d9f3090a.zip" date="2026-02-09T11:41:53.614" /><!-- duration: 7ms -->
    </step><!-- duration: 1165ms -->
    <step title="Start deployment in the background" date="2026-02-09T11:41:54.790" >
      <step title="Acquiring Deployment Lock" date="2026-02-09T11:41:54.903" /><!-- duration: 26ms -->
      <step title="Acquired Deployment Lock" date="2026-02-09T11:41:54.975" /><!-- duration: 4ms -->
    </step><!-- duration: 313ms -->
  </step><!-- duration: 1551ms -->
  <step title="Outgoing response" date="2026-02-09T11:41:55.147" type="response" statusCode="202" statusText="Accepted" /><!-- duration: 10ms -->
</step><!-- duration: 1710ms -->
