<step title="Incoming Request" date="2026-02-09T11:23:18.812" instance="933e87" url="/api/publish?async=true&amp;deployer=GITHUB_ONE_DEPLOY&amp;type=zip&amp;message=%7B%22type%22%3A%22deployment%22%2C%22sha%22%3A%22db1e7abf5912f3ec79841dda8b4e6a4eb34f2570%22%2C%22repoName%22%3A%22noshahi-devs%2Felicom-backend%22%2C%22actor%22%3A%22noshahi-devs%22%2C%22slotName%22%3A%22production%22%2C%22commitMessage%22%3A%22Fix%3A%20Complete%20SMTP%20refactor%20-%20all%20methods%20now%20use%20verified%20sender%20addresses%20and%20Auto%20SSL%20mode%22%7D" method="POST" type="request" pid="836,1,7" Host="app-elicom-backend.scm.azurewebsites.net" User-Agent="GITHUBACTIONS_DeployWebAppToAzure_7af05ca94fbb881c6e0ec9c7192edbf5c4a1b26b977ef6b66576eccc3c9cad5a" Authorization="Bas..." Content-Type="application/octet-stream" Cookie="ARRAffinity=933e87333ea54ac481b697de0afadc0358210a01202a10cb9c254e6b64d8f71b;Path=/;HttpOnly;Secure;Domain=app-elicom-backend.scm.azurewebsites.net; ARRAffinitySameSite=933e87333ea54ac481b697de0afadc0358210a01202a10cb9c254e6b64d8f71b;Path=/;HttpOnly;SameSite=None;Secure;Domain=app-elicom-backend.scm.azurewebsites.net" Transfer-Encoding="chunked" X-ARR-LOG-ID="8bcde306-08a8-44a7-bdc9-216217a9a912" CLIENT-IP="64.236.160.197:37888" X-SITE-DEPLOYMENT-ID="app-elicom-backend" WAS-DEFAULT-HOSTNAME="app-elicom-backend.scm.azurewebsites.net" X-Forwarded-Proto="https" X-AppService-Proto="https" X-Forwarded-TlsVersion="1.3" X-WAWS-Unencoded-URL="/api/publish?async=true&amp;deployer=GITHUB_ONE_DEPLOY&amp;type=zip&amp;message=%7B%22type%22%3A%22deployment%22%2C%22sha%22%3A%22db1e7abf5912f3ec79841dda8b4e6a4eb34f2570%22%2C%22repoName%22%3A%22noshahi-devs%2Felicom-backend%22%2C%22actor%22%3A%22noshahi-devs%22%2C%22slotName%22%3A%22production%22%2C%22commitMessage%22%3A%22Fix%3A%20Complete%20SMTP%20refactor%20-%20all%20methods%20now%20use%20verified%20sender%20addresses%20and%20Auto%20SSL%20mode%22%7D" X-Client-IP="64.236.160.197" X-Client-Port="37888" >
  <step title="OneDeploy" date="2026-02-09T11:23:19.077" >
    <step title="None repository commit" date="2026-02-09T11:23:19.100" >
      <step title="Commit id: bc496383-22ca-400b-aec6-c80212f4c572" date="2026-02-09T11:23:19.104" Message="N/A" AuthorName="N/A" AuthorEmail="N/A" /><!-- duration: 5ms -->
    </step><!-- duration: 13ms -->
    <step title="Starting PushDeployAsync" date="2026-02-09T11:23:19.117" /><!-- duration: 3ms -->
    <step title="Writing artifact to /tmp/zipdeploy/aa537c63-6168-451c-98cf-e3a76a59a4ac.zip" date="2026-02-09T11:23:19.148" >
      <step title="Writing multipart request body to /tmp/zipdeploy/aa537c63-6168-451c-98cf-e3a76a59a4ac.zip" date="2026-02-09T11:23:19.158" /><!-- duration: 19ms -->
    </step><!-- duration: 2507ms -->
    <step title="Start deployment in the background" date="2026-02-09T11:23:21.943" >
      <step title="Acquiring Deployment Lock" date="2026-02-09T11:23:22.291" /><!-- duration: 11ms -->
      <step title="Acquired Deployment Lock" date="2026-02-09T11:23:22.447" /><!-- duration: 13ms -->
    </step><!-- duration: 895ms -->
  </step><!-- duration: 3803ms -->
  <step title="Outgoing response" date="2026-02-09T11:23:23.009" type="response" statusCode="202" statusText="Accepted" /><!-- duration: 12ms -->
</step><!-- duration: 4219ms -->
