<step title="Incoming Request" date="2026-02-07T20:34:41.542" instance="933e87" url="/api/publish?async=true&amp;deployer=GITHUB_ONE_DEPLOY&amp;type=zip&amp;message=%7B%22type%22%3A%22deployment%22%2C%22sha%22%3A%225b3f271faca83b20569e786918d2b3979c5aed19%22%2C%22repoName%22%3A%22noshahi-devs%2Felicom-backend%22%2C%22actor%22%3A%22noshahi-devs%22%2C%22slotName%22%3A%22production%22%2C%22commitMessage%22%3A%22Fix%20Easyfinora%20CORS%20issue%22%7D" method="POST" type="request" pid="833,1,29" Host="app-elicom-backend.scm.azurewebsites.net" User-Agent="GITHUBACTIONS_DeployWebAppToAzure_7af05ca94fbb881c6e0ec9c7192edbf5c4a1b26b977ef6b66576eccc3c9cad5a" Authorization="Bas..." Content-Type="application/octet-stream" Cookie="ARRAffinity=933e87333ea54ac481b697de0afadc0358210a01202a10cb9c254e6b64d8f71b;Path=/;HttpOnly;Secure;Domain=app-elicom-backend.scm.azurewebsites.net; ARRAffinitySameSite=933e87333ea54ac481b697de0afadc0358210a01202a10cb9c254e6b64d8f71b;Path=/;HttpOnly;SameSite=None;Secure;Domain=app-elicom-backend.scm.azurewebsites.net" Transfer-Encoding="chunked" X-ARR-LOG-ID="121c3736-d08f-4d16-b284-4ad2b11bacea" CLIENT-IP="132.196.32.50:50112" X-SITE-DEPLOYMENT-ID="app-elicom-backend" WAS-DEFAULT-HOSTNAME="app-elicom-backend.scm.azurewebsites.net" X-Forwarded-Proto="https" X-AppService-Proto="https" X-Forwarded-TlsVersion="1.3" X-WAWS-Unencoded-URL="/api/publish?async=true&amp;deployer=GITHUB_ONE_DEPLOY&amp;type=zip&amp;message=%7B%22type%22%3A%22deployment%22%2C%22sha%22%3A%225b3f271faca83b20569e786918d2b3979c5aed19%22%2C%22repoName%22%3A%22noshahi-devs%2Felicom-backend%22%2C%22actor%22%3A%22noshahi-devs%22%2C%22slotName%22%3A%22production%22%2C%22commitMessage%22%3A%22Fix%20Easyfinora%20CORS%20issue%22%7D" X-Client-IP="132.196.32.50" X-Client-Port="50112" >
  <step title="OneDeploy" date="2026-02-07T20:34:41.954" >
    <step title="Starting PushDeployAsync" date="2026-02-07T20:34:41.996" /><!-- duration: 5ms -->
    <step title="Writing artifact to /tmp/zipdeploy/d680115b-8bbc-4801-b3d1-8880112f1a59.zip" date="2026-02-07T20:34:42.059" >
      <step title="Writing multipart request body to /tmp/zipdeploy/d680115b-8bbc-4801-b3d1-8880112f1a59.zip" date="2026-02-07T20:34:42.064" /><!-- duration: 3ms -->
    </step><!-- duration: 1525ms -->
    <step title="Start deployment in the background" date="2026-02-07T20:34:43.684" >
      <step title="Acquiring Deployment Lock" date="2026-02-07T20:34:43.833" /><!-- duration: 11ms -->
      <step title="Acquired Deployment Lock" date="2026-02-07T20:34:44.021" /><!-- duration: 20ms -->
    </step><!-- duration: 740ms -->
  </step><!-- duration: 2549ms -->
  <step title="Outgoing response" date="2026-02-07T20:34:44.535" type="response" statusCode="202" statusText="Accepted" /><!-- duration: 11ms -->
</step><!-- duration: 3021ms -->
