<step title="BackgroundTrace" date="2026-02-09T11:41:54.795" instance="933e87" url="/api/publish" method="POST" >
  <step title="Cleanup Xml Logs" date="2026-02-09T11:41:54.805" /><!-- duration: 25ms -->
  <step title="Creating temporary deployment - FetchDeploymentManager" date="2026-02-09T11:41:54.982" /><!-- duration: 3ms -->
  <step title="Creating temporary deployment" date="2026-02-09T11:41:54.990" /><!-- duration: 109ms -->
  <step title="Performing fetch based deployment" date="2026-02-09T11:41:55.172" >
    <step title="Cleaning up temp folders from previous zip deployments and extracting pushed zip file /tmp/zipdeploy/db1658b8-4f04-433d-b295-de54d9f3090a.zip (24.54 MB) to /tmp/zipdeploy/extracted" date="2026-02-09T11:41:56.501" >
      <step title="ChmodRecursive Process exited with total time taken in ms: 100" date="2026-02-09T11:42:00.830" /><!-- duration: 12ms -->
    </step><!-- duration: 4353ms -->
    <step title="Deployment timer started" date="2026-02-09T11:42:02.902" >
      <step title="DeploymentManager.Deploy(id:e366fe27-0a7f-4d05-813b-0b6760a8d20e)" date="2026-02-09T11:42:02.941" >
        <step title="Collecting changeset information" date="2026-02-09T11:42:03.040" /><!-- duration: 606ms -->
        <step title="Updating submodules" date="2026-02-09T11:42:03.698" /><!-- duration: 2210ms -->
        <step title="Determining deployment builder" date="2026-02-09T11:42:06.649" >
          <step title="Builder is OneDeployBuilder" date="2026-02-09T11:42:06.717" /><!-- duration: 38ms -->
        </step><!-- duration: 136ms -->
        <step title="PreDeployment: context.CleanOutputPath False" date="2026-02-09T11:42:07.050" >
          <step title="PreDeployment: context.OutputPath /home/site/wwwroot" date="2026-02-09T11:42:07.482" >
            <step title="Building" date="2026-02-09T11:42:07.886" >
              <step title="Executing external process" date="2026-02-09T11:42:10.300" type="process" path="starter.sh" arguments="/opt/Kudu/Scripts/parallel_rsync.sh /tmp/zipdeploy/extracted /home/site/wwwroot 8 /tmp/ False False  " /><!-- duration: 15424ms -->
              <step title="Modified file to trigger a restart of the app container." date="2026-02-09T11:42:26.717" /><!-- duration: 28ms -->
              <step title="Skip function trigger and logicapp sync because function is not enabled." date="2026-02-09T11:42:26.776" /><!-- duration: 37ms -->
              <step title="Purge deployment items" date="2026-02-09T11:42:32.394" >
                <step title="Remove 2088bd7c-, Success, received at 02/06/2026 18:34:23" date="2026-02-09T11:42:33.040" /><!-- duration: 147ms -->
              </step><!-- duration: 825ms -->
            </step><!-- duration: 26500ms -->
          </step><!-- duration: 26972ms -->
          <step title="Cleaning up temp files" date="2026-02-09T11:42:34.472" /><!-- duration: 10ms -->
          <step title="Cleaning up temp files" date="2026-02-09T11:42:34.504" /><!-- duration: 561ms -->
          <step title="Reloading status file with latest updates" date="2026-02-09T11:42:35.452" >
            <step title="WebHooksManager.PublishEventAsync: PostDeployment" date="2026-02-09T11:42:35.611" /><!-- duration: 278ms -->
          </step><!-- duration: 514ms -->
          <step title="Cleaning up temporary deployment - fetch deployment was successful" date="2026-02-09T11:42:36.277" /><!-- duration: 50ms -->
        </step><!-- duration: 29743ms -->
      </step><!-- duration: 34132ms -->
