<step title="Incoming Request" date="2026-02-09T03:09:09.824" instance="933e87" url="/api/publish?async=true&amp;deployer=GITHUB_ONE_DEPLOY&amp;type=zip&amp;message=%7B%22type%22%3A%22deployment%22%2C%22sha%22%3A%222547b52465bce03dfc944e44a5e67f7a87669622%22%2C%22repoName%22%3A%22noshahi-devs%2Felicom-backend%22%2C%22actor%22%3A%22noshahi-devs%22%2C%22slotName%22%3A%22production%22%2C%22commitMessage%22%3A%22Fix%20syntax%20errors%20in%20AccountAppService.cs%20and%20restore%20SendVerificationEmail%20method%22%7D" method="POST" type="request" pid="833,1,7" Host="app-elicom-backend.scm.azurewebsites.net" User-Agent="GITHUBACTIONS_DeployWebAppToAzure_7af05ca94fbb881c6e0ec9c7192edbf5c4a1b26b977ef6b66576eccc3c9cad5a" Authorization="Bas..." Content-Type="application/octet-stream" Cookie="ARRAffinity=933e87333ea54ac481b697de0afadc0358210a01202a10cb9c254e6b64d8f71b;Path=/;HttpOnly;Secure;Domain=app-elicom-backend.scm.azurewebsites.net; ARRAffinitySameSite=933e87333ea54ac481b697de0afadc0358210a01202a10cb9c254e6b64d8f71b;Path=/;HttpOnly;SameSite=None;Secure;Domain=app-elicom-backend.scm.azurewebsites.net" Transfer-Encoding="chunked" X-ARR-LOG-ID="4a1fc86e-8ad8-44f3-8d6d-07e89e6ea5e8" CLIENT-IP="52.165.251.245:50176" X-SITE-DEPLOYMENT-ID="app-elicom-backend" WAS-DEFAULT-HOSTNAME="app-elicom-backend.scm.azurewebsites.net" X-Forwarded-Proto="https" X-AppService-Proto="https" X-Forwarded-TlsVersion="1.3" X-WAWS-Unencoded-URL="/api/publish?async=true&amp;deployer=GITHUB_ONE_DEPLOY&amp;type=zip&amp;message=%7B%22type%22%3A%22deployment%22%2C%22sha%22%3A%222547b52465bce03dfc944e44a5e67f7a87669622%22%2C%22repoName%22%3A%22noshahi-devs%2Felicom-backend%22%2C%22actor%22%3A%22noshahi-devs%22%2C%22slotName%22%3A%22production%22%2C%22commitMessage%22%3A%22Fix%20syntax%20errors%20in%20AccountAppService.cs%20and%20restore%20SendVerificationEmail%20method%22%7D" X-Client-IP="52.165.251.245" X-Client-Port="50176" >
  <step title="Cleanup Xml Logs" date="2026-02-09T03:09:09.875" /><!-- duration: 87ms -->
  <step title="OneDeploy" date="2026-02-09T03:09:10.103" >
    <step title="None repository commit" date="2026-02-09T03:09:10.119" >
      <step title="Commit id: 4f12f41f-68d3-423f-8d94-d3b89b3201fd" date="2026-02-09T03:09:10.123" Message="N/A" AuthorName="N/A" AuthorEmail="N/A" /><!-- duration: 3ms -->
    </step><!-- duration: 10ms -->
    <step title="Starting PushDeployAsync" date="2026-02-09T03:09:10.133" /><!-- duration: 3ms -->
    <step title="Writing artifact to /tmp/zipdeploy/8527974d-cef5-4160-9454-05f3d5cf75f9.zip" date="2026-02-09T03:09:10.156" >
      <step title="Writing multipart request body to /tmp/zipdeploy/8527974d-cef5-4160-9454-05f3d5cf75f9.zip" date="2026-02-09T03:09:10.161" /><!-- duration: 3ms -->
    </step><!-- duration: 2226ms -->
    <step title="Start deployment in the background" date="2026-02-09T03:09:12.401" >
      <step title="Acquiring Deployment Lock" date="2026-02-09T03:09:12.421" /><!-- duration: 11ms -->
      <step title="Acquired Deployment Lock" date="2026-02-09T03:09:12.484" /><!-- duration: 4ms -->
    </step><!-- duration: 190ms -->
  </step><!-- duration: 2496ms -->
  <step title="Outgoing response" date="2026-02-09T03:09:12.617" type="response" statusCode="202" statusText="Accepted" /><!-- duration: 4ms -->
</step><!-- duration: 2800ms -->
