<step title="BackgroundTrace" date="2026-02-06T18:34:14.139" instance="933e87" url="/api/publish" method="POST" >
  <step title="Cleanup Xml Logs" date="2026-02-06T18:34:14.146" /><!-- duration: 9ms -->
  <step title="Creating temporary deployment - FetchDeploymentManager" date="2026-02-06T18:34:14.294" /><!-- duration: 12ms -->
  <step title="Creating temporary deployment" date="2026-02-06T18:34:14.326" /><!-- duration: 151ms -->
  <step title="Performing fetch based deployment" date="2026-02-06T18:34:14.539" >
    <step title="Cleaning up temp folders from previous zip deployments and extracting pushed zip file /tmp/zipdeploy/3002fcdf-e12a-4b3f-8db4-f03e0ce74aff.zip (24.54 MB) to /tmp/zipdeploy/extracted" date="2026-02-06T18:34:16.044" >
      <step title="ChmodRecursive Process exited with total time taken in ms: 475" date="2026-02-06T18:34:21.397" /><!-- duration: 30ms -->
    </step><!-- duration: 5442ms -->
    <step title="Deployment timer started" date="2026-02-06T18:34:23.663" >
      <step title="DeploymentManager.Deploy(id:2088bd7c-1ab1-4db5-b14c-90e50c797627)" date="2026-02-06T18:34:23.692" >
        <step title="Collecting changeset information" date="2026-02-06T18:34:23.812" /><!-- duration: 269ms -->
        <step title="Updating submodules" date="2026-02-06T18:34:24.099" /><!-- duration: 1346ms -->
        <step title="Determining deployment builder" date="2026-02-06T18:34:25.942" >
          <step title="Builder is OneDeployBuilder" date="2026-02-06T18:34:25.978" /><!-- duration: 9ms -->
        </step><!-- duration: 52ms -->
        <step title="PreDeployment: context.CleanOutputPath False" date="2026-02-06T18:34:26.091" >
          <step title="PreDeployment: context.OutputPath /home/site/wwwroot" date="2026-02-06T18:34:26.245" >
            <step title="Building" date="2026-02-06T18:34:26.461" >
              <step title="Executing external process" date="2026-02-06T18:34:27.278" type="process" path="starter.sh" arguments="/opt/Kudu/Scripts/parallel_rsync.sh /tmp/zipdeploy/extracted /home/site/wwwroot 8 /tmp/ False False  " /><!-- duration: 19754ms -->
              <step title="Modified file to trigger a restart of the app container." date="2026-02-06T18:34:47.614" /><!-- duration: 31ms -->
              <step title="Skip function trigger and logicapp sync because function is not enabled." date="2026-02-06T18:34:47.658" /><!-- duration: 11ms -->
            </step><!-- duration: 22971ms -->
          </step><!-- duration: 23218ms -->
          <step title="Cleaning up temp files" date="2026-02-06T18:34:49.482" /><!-- duration: 28ms -->
          <step title="Cleaning up temp files" date="2026-02-06T18:34:49.521" /><!-- duration: 573ms -->
          <step title="Reloading status file with latest updates" date="2026-02-06T18:34:50.313" >
            <step title="WebHooksManager.PublishEventAsync: PostDeployment" date="2026-02-06T18:34:50.331" /><!-- duration: 83ms -->
          </step><!-- duration: 105ms -->
          <step title="Cleaning up temporary deployment - fetch deployment was successful" date="2026-02-06T18:34:50.424" /><!-- duration: 309ms -->
        </step><!-- duration: 24959ms -->
      </step><!-- duration: 27623ms -->
