<step title="BackgroundTrace" date="2026-02-06T20:43:06.019" instance="933e87" url="/api/publish" method="POST" >
  <step title="Cleanup Xml Logs" date="2026-02-06T20:43:06.030" /><!-- duration: 36ms -->
  <step title="Creating temporary deployment - FetchDeploymentManager" date="2026-02-06T20:43:06.303" /><!-- duration: 12ms -->
  <step title="Creating temporary deployment" date="2026-02-06T20:43:06.345" /><!-- duration: 487ms -->
  <step title="Performing fetch based deployment" date="2026-02-06T20:43:06.963" >
    <step title="Cleaning up temp folders from previous zip deployments and extracting pushed zip file /tmp/zipdeploy/440dca7e-2862-4a5c-9365-37daf8fa3aec.zip (24.54 MB) to /tmp/zipdeploy/extracted" date="2026-02-06T20:43:08.183" >
      <step title="ChmodRecursive Process exited with total time taken in ms: 262" date="2026-02-06T20:43:11.767" /><!-- duration: 29ms -->
    </step><!-- duration: 3624ms -->
    <step title="Deployment timer started" date="2026-02-06T20:43:13.886" >
      <step title="DeploymentManager.Deploy(id:0b5eef5f-d521-4b43-927e-d2251f2fdf42)" date="2026-02-06T20:43:13.917" >
        <step title="Collecting changeset information" date="2026-02-06T20:43:13.985" /><!-- duration: 200ms -->
        <step title="Updating submodules" date="2026-02-06T20:43:14.192" /><!-- duration: 1262ms -->
        <step title="Determining deployment builder" date="2026-02-06T20:43:15.743" >
          <step title="Builder is OneDeployBuilder" date="2026-02-06T20:43:15.759" /><!-- duration: 9ms -->
        </step><!-- duration: 34ms -->
        <step title="PreDeployment: context.CleanOutputPath False" date="2026-02-06T20:43:15.862" >
          <step title="PreDeployment: context.OutputPath /home/site/wwwroot" date="2026-02-06T20:43:16.061" >
            <step title="Building" date="2026-02-06T20:43:16.330" >
              <step title="Executing external process" date="2026-02-06T20:43:17.033" type="process" path="starter.sh" arguments="/opt/Kudu/Scripts/parallel_rsync.sh /tmp/zipdeploy/extracted /home/site/wwwroot 8 /tmp/ False False  " /><!-- duration: 17624ms -->
              <step title="Modified file to trigger a restart of the app container." date="2026-02-06T20:43:35.821" /><!-- duration: 7ms -->
              <step title="Skip function trigger and logicapp sync because function is not enabled." date="2026-02-06T20:43:35.843" /><!-- duration: 20ms -->
            </step><!-- duration: 20550ms -->
          </step><!-- duration: 20869ms -->
          <step title="Cleaning up temp files" date="2026-02-06T20:43:36.934" /><!-- duration: 8ms -->
          <step title="Cleaning up temp files" date="2026-02-06T20:43:36.961" /><!-- duration: 509ms -->
          <step title="Reloading status file with latest updates" date="2026-02-06T20:43:37.529" >
            <step title="WebHooksManager.PublishEventAsync: PostDeployment" date="2026-02-06T20:43:37.535" /><!-- duration: 120ms -->
          </step><!-- duration: 132ms -->
          <step title="Cleaning up temporary deployment - fetch deployment was successful" date="2026-02-06T20:43:37.668" /><!-- duration: 5ms -->
        </step><!-- duration: 21939ms -->
      </step><!-- duration: 23913ms -->
