﻿<?xml version="1.0" encoding="utf-8"?>
<deployment>
  <id>bc496383-22ca-400b-aec6-c80212f4c572</id>
  <author>N/A</author>
  <deployer>OneDeploy</deployer>
  <authorEmail>N/A</authorEmail>
  <message>OneDeploy</message>
  <progress></progress>
  <status>Success</status>
  <statusText></statusText>
  <lastSuccessEndTime>2026-02-09T11:23:43.3932745Z</lastSuccessEndTime>
  <receivedTime>2026-02-09T11:23:31.023717Z</receivedTime>
  <startTime>2026-02-09T11:23:32.6186276Z</startTime>
  <endTime>2026-02-09T11:23:43.3932745Z</endTime>
  <complete>True</complete>
  <is_temp>False</is_temp>
  <is_readonly>True</is_readonly>
  <containerId>c8c83c4168a2</containerId>
  <buildSummary />
</deployment>